systemCode,roomCode,catalogueNumber
FUR-00001,A.00.01,SN80
FUR-00002,A.00.01,T4
FUR-00003,LB.00.03,K1
FUR-00004,LB.00.03,K1
FUR-00005,LB.00.03,K1
FUR-00006,LB.00.03,SN80
FUR-00007,LB.00.03,SV80s
FUR-00008,LB.00.03,SV81
FUR-00009,LB.00.03,T3
FUR-00010,LB.00.03,T4
FUR-00011,LB.00.03,Z1
FUR-00012,LB.00.03,Z3
FUR-00013,LB.00.03,Z3
FUR-00014,LB.00.03,Z3
FUR-00015,LB.00.04,Z3
FUR-00016,LB.00.04,Z3
FUR-00017,LB.00.04,Z4
FUR-00018,LB.00.05,K1
FUR-00019,LB.00.05,K1
FUR-00020,LB.00.05,Z2
FUR-00021,LB.00.05,Z2
FUR-00022,LB.00.05,Z2
FUR-00023,LB.00.05,Z2
FUR-00024,LB.00.05,Z2
FUR-00025,LB.00.05,Z2
FUR-00026,LB.00.05,Z3
FUR-00027,LB.00.05,Z3
FUR-00028,LB.00.06,K1
FUR-00029,LB.00.06,SN80
FUR-00030,LB.00.06,SV80
FUR-00031,LB.00.06,SV81
FUR-00032,LB.00.06,T5
FUR-00033,LB.00.06,T5
FUR-00034,LB.00.06,Z1
FUR-00035,LB.00.06,Z2
FUR-00036,LB.00.06,Z4
FUR-00037,LB.00.06,Z4
FUR-00038,LB.00.07,K1
FUR-00039,LB.00.07,K1
FUR-00040,LB.00.07,K1
FUR-00041,LB.00.07,SN80
FUR-00042,LB.00.07,SN80
FUR-00043,LB.00.07,SN80
FUR-00044,LB.00.07,SN80
FUR-00045,LB.00.07,SN80
FUR-00046,LB.00.07,SN80
FUR-00047,LB.00.07,Z1
FUR-00048,LB.00.07,Z2
FUR-00049,LB.00.07,Z3
FUR-00050,LB.00.07,Z4
FUR-00051,LB.00.08,K1
FUR-00052,LB.00.08,K1
FUR-00053,LB.00.08,K1
FUR-00054,LB.00.08,SN80
FUR-00055,LB.00.08,SN80
FUR-00056,LB.00.08,SN80
FUR-00057,LB.00.08,Z1
FUR-00058,LB.00.08,Z2
FUR-00059,LB.00.08,Z2
FUR-00060,LB.00.08,Z2
FUR-00061,LB.00.08,Z3
FUR-00062,LB.00.10,Z3
FUR-00063,LB.1.03,K1
FUR-00064,LB.1.03,K1
FUR-00065,LB.1.03,K1
FUR-00066,LB.1.03,SN80
FUR-00067,LB.1.03,SN80
FUR-00068,LB.1.03,SN80
FUR-00069,LB.1.03,SN80
FUR-00070,LB.1.03,SN80
FUR-00071,LB.1.03,SN80
FUR-00072,LB.1.03,SN80
FUR-00073,LB.1.03,SN80
FUR-00074,LB.1.03,SN80
FUR-00075,LB.1.03,SN80
FUR-00076,LB.1.03,SN80
FUR-00077,LB.1.03,SN80
FUR-00078,LB.1.06,K1
FUR-00079,LB.1.06,K1
FUR-00080,LB.1.06,K1
FUR-00081,LB.1.19,SN80
FUR-00082,LB.1.19,SN80
FUR-00083,LB.1.19,T2
FUR-00084,LB.1.19,T4
FUR-00085,LB.1.19,T4
FUR-00086,LB.1.19,T4
FUR-00087,LB.1.19,Z1
FUR-00088,LB.1.19,Z2
FUR-00089,LB.1.19,Z3
FUR-00090,LB.1.19,Z3
FUR-00091,LB.1.19,Z4
FUR-00092,LB.1.19,Z4
FUR-00093,LB.1.19,Z4
FUR-00094,LB.1.28,Z2
FUR-00095,LB.1.28,Z2
FUR-00096,LB.2.03,T1
FUR-00097,LB.2.03,Z2
FUR-00098,LB.2.03,Z2
FUR-00099,LB.2.03,Z3
FUR-00100,LB.2.03,Z3
FUR-00101,LB.2.04,K1
FUR-00102,LB.2.04,K1
FUR-00103,LB.2.04,Z1
FUR-00104,LB.2.04,Z2
FUR-00105,LB.2.04,Z2
FUR-00106,LB.2.04,Z2
FUR-00107,LB.2.04,Z2
FUR-00108,LB.2.04,Z2
FUR-00109,LB.2.04,Z4
FUR-00110,LB.2.04,Z4
FUR-00111,LB.2.04,Z4
FUR-00112,LB.2.04,Z4
FUR-00113,LB.2.05,Z2
FUR-00114,LB.2.05,Z2
FUR-00115,LB.2.05,Z2
FUR-00116,LB.2.05,Z2
FUR-00117,LB.2.05,Z4
FUR-00118,LB.2.05,Z4
FUR-00119,LB.2.06,SN80
FUR-00120,LB.2.06,SV80s
FUR-00121,LB.2.06,Z2
FUR-00122,LB.2.06,Z2
FUR-00123,LB.2.06,Z2
FUR-00124,LB.2.06,Z3
FUR-00125,LB.2.06,Z4
FUR-00126,LB.2.08,SV80s
FUR-00127,LB.2.08,T4
FUR-00128,LB.2.08,T4
FUR-00129,LB.2.08,T4
FUR-00130,LB.2.08,T4
FUR-00131,LB.2.08,T4
FUR-00132,LB.2.08,T4
FUR-00133,LB.2.08,T4
FUR-00134,LB.2.08,T4
FUR-00135,LB.2.08,Z2
FUR-00136,LB.2.08,Z2
FUR-00137,LB.2.08,Z2
FUR-00138,LB.2.08,Z2
FUR-00139,LB.2.08,Z2
FUR-00140,LB.2.08,Z2
FUR-00141,LB.2.08,Z2
FUR-00142,LB.2.08,Z4
FUR-00143,LB.2.09,T1
FUR-00144,LB.2.09,T3
FUR-00145,LB.2.09,Z2
FUR-00146,LB.2.09,Z2
FUR-00147,LB.2.09,Z2
FUR-00148,LB.2.09,Z2
FUR-00149,LB.2.09,Z2
FUR-00150,M.00.18,SN80
FUR-00151,M.00.18,SN80
FUR-00152,M.00.18,SN80
FUR-00153,M.00.18,SV80
FUR-00154,M.00.18,SV80
FUR-00155,M.00.19,K1
FUR-00156,M.00.19,SN80
FUR-00157,M.00.19,SN80
FUR-00158,M.00.19,SN80
FUR-00159,M.00.19,SV80s
FUR-00160,M.00.19,SV81
FUR-00161,M.00.19,T1-ND
FUR-00162,M.00.19,T4
FUR-00163,M.00.19,Z2
FUR-00164,M.00.19,Z2
FUR-00165,M.00.20,K1
FUR-00166,M.00.20,K1
FUR-00167,M.00.20,SN80
FUR-00168,M.00.20,SN80
FUR-00169,M.00.20,SN80
FUR-00170,M.00.20,SN80
FUR-00171,M.00.20,SN80
FUR-00172,M.00.20,SV80
FUR-00173,M.00.20,SV81
FUR-00174,M.00.20,SV81
FUR-00175,M.00.20,T5
FUR-00176,M.00.20,T6
FUR-00177,M.00.20,Z1
FUR-00178,M.00.20,Z4
FUR-00179,M.00.21,K1
FUR-00180,M.00.21,K1
FUR-00181,M.00.21,SN80
FUR-00182,M.00.21,SN80
FUR-00183,M.00.21,SV81
FUR-00184,M.00.21,T5
FUR-00185,M.00.21,T5
FUR-00186,M.00.21,T5
FUR-00187,M.00.21,Z1
FUR-00188,M.00.21,Z1
FUR-00189,M.1.04,SN80
FUR-00190,M.1.04,SN80
FUR-00191,M.1.05,SN80
FUR-00192,M.1.05,T8
FUR-00193,M.1.05,T8
FUR-00194,M.1.05,Z2
FUR-00195,M.1.05,Z2
FUR-00196,M.1.05,Z2
FUR-00197,M.1.05,Z2
FUR-00198,M.1.05,Z2
FUR-00199,M.1.05,Z2
FUR-00200,M.1.05,Z2
FUR-00201,M.1.05,Z2
FUR-00202,M.1.06,SN80
FUR-00203,M.1.06,T8
FUR-00204,M.1.06,T8
FUR-00205,M.1.06,Z2
FUR-00206,M.1.06,Z2
FUR-00207,M.1.06,Z2
FUR-00208,M.1.06,Z2
FUR-00209,M.1.06,Z2
FUR-00210,M.1.06,Z2
FUR-00211,M.1.06,Z2
FUR-00212,M.1.06,Z2
FUR-00213,M.1.17,K1
FUR-00214,M.1.17,SN80
FUR-00215,M.1.17,Z1
FUR-00216,M.2.01,SN80
FUR-00217,M.2.01,SN80
FUR-00218,M.2.01,SN80
FUR-00219,M.2.01,SN80
FUR-00220,M.2.01,Z4
FUR-00221,O.00.02,K1
FUR-00222,O.00.02,K1
FUR-00223,O.00.02,SN80
FUR-00224,O.00.02,SN80
FUR-00225,O.00.02,SN80
FUR-00226,O.00.02,SN80
FUR-00227,O.00.02,SN80
FUR-00228,O.00.02,SV80
FUR-00229,O.00.02,SV80s
FUR-00230,O.00.02,SV81
FUR-00231,O.00.02,T5
FUR-00232,O.00.02,T5
FUR-00233,O.00.02,Z1
FUR-00234,O.00.02,Z3
FUR-00235,O.00.02,Z3
FUR-00236,O.00.02,Z3
FUR-00237,O.00.03,K1
FUR-00238,O.00.03,SN80
FUR-00239,O.00.03,SV80s
FUR-00240,O.00.03,T3
FUR-00241,O.00.03,T3
FUR-00242,O.00.03,T3
FUR-00243,O.00.03,Z1
FUR-00244,O.00.03,Z2
FUR-00245,O.00.03,Z3
FUR-00246,O.00.03,Z3
FUR-00247,O.00.04,K1
FUR-00248,O.00.04,K1
FUR-00249,O.00.04,SN80
FUR-00250,O.00.04,SN80
FUR-00251,O.00.04,SN80
FUR-00252,O.00.04,SV80
FUR-00253,O.00.04,SV80s
FUR-00254,O.00.04,SV81
FUR-00255,O.00.04,T3
FUR-00256,O.00.04,T3
FUR-00257,O.00.04,T4
FUR-00258,O.00.04,Z1
FUR-00259,O.00.04,Z2
FUR-00260,O.00.04,Z2
FUR-00261,O.00.04,Z3
FUR-00262,O.00.05,K1
FUR-00263,O.00.05,K1
FUR-00264,O.00.05,K1
FUR-00265,O.00.05,SN80
FUR-00266,O.00.05,SN80
FUR-00267,O.00.05,SN80
FUR-00268,O.00.05,SN80
FUR-00269,O.00.05,SN80
FUR-00270,O.00.05,SV80
FUR-00271,O.00.05,SV80
FUR-00272,O.00.05,SV81
FUR-00273,O.00.05,T3
FUR-00274,O.00.05,Z1
FUR-00275,O.00.05,Z1
FUR-00276,O.00.05,Z2
FUR-00277,O.00.05,Z3
FUR-00278,O.00.06,K1
FUR-00279,O.00.06,K1
FUR-00280,O.00.06,SN80
FUR-00281,O.00.06,SN80
FUR-00282,O.00.06,SN80
FUR-00283,O.00.06,SN80
FUR-00284,O.00.06,SN80
FUR-00285,O.00.06,SN80
FUR-00286,O.00.06,SN80
FUR-00287,O.00.06,SN80
FUR-00288,O.00.06,SN80
FUR-00289,O.00.06,SV80s
FUR-00290,O.00.06,SV80s
FUR-00291,O.00.06,SV81
FUR-00292,O.00.06,SV81
FUR-00293,O.00.06,SV81
FUR-00294,O.00.06,T3
FUR-00295,O.00.06,T3
FUR-00296,O.00.06,T4
FUR-00297,O.00.06,Z1
FUR-00298,O.00.06,Z2
FUR-00299,O.00.06,Z3
FUR-00300,O.00.07,K1
FUR-00301,O.00.07,K1
FUR-00302,O.00.07,SN80
FUR-00303,O.00.07,SN80
FUR-00304,O.00.07,Z3
FUR-00305,O.00.07,Z4
FUR-00306,O.00.08,K1
FUR-00307,O.00.08,K1
FUR-00308,O.00.08,SN80
FUR-00309,O.00.08,SN80
FUR-00310,O.00.08,SN80
FUR-00311,O.00.08,SV80
FUR-00312,O.00.08,SV80s
FUR-00313,O.00.08,SV81
FUR-00314,O.00.08,SV81
FUR-00315,O.00.08,T1
FUR-00316,O.00.08,T3
FUR-00317,O.00.08,T3
FUR-00318,O.00.08,Z2
FUR-00319,O.00.08,Z3
FUR-00320,O.00.08,Z3
FUR-00321,O.00.08,Z4
FUR-00322,O.00.09,K1
FUR-00323,O.00.09,K1
FUR-00324,O.00.09,K1
FUR-00325,O.00.09,SN80
FUR-00326,O.00.09,SN80
FUR-00327,O.00.09,SN80
FUR-00328,O.00.09,SV80
FUR-00329,O.00.09,SV80s
FUR-00330,O.00.09,SV81
FUR-00331,O.00.09,SV81
FUR-00332,O.00.09,T3
FUR-00333,O.00.09,T3
FUR-00334,O.00.09,T3
FUR-00335,O.00.09,Z2
FUR-00336,O.00.10,K1
FUR-00337,O.00.10,K1
FUR-00338,O.00.10,K1
FUR-00339,O.00.10,SN80
FUR-00340,O.00.10,SN80
FUR-00341,O.00.10,SN80
FUR-00342,O.00.10,SN80
FUR-00343,O.00.10,SN80
FUR-00344,O.00.10,SV80
FUR-00345,O.00.10,SV80s
FUR-00346,O.00.10,SV81
FUR-00347,O.00.10,SV81
FUR-00348,O.00.10,T3
FUR-00349,O.00.10,T3
FUR-00350,O.00.10,T3
FUR-00351,O.00.11,SV80s
FUR-00352,O.00.18,SV80
FUR-00353,O.00.18,SV80
FUR-00354,O.00.18,T2
FUR-00355,O.00.18,T2
FUR-00356,O.00.18,Z4
FUR-00357,O.00.19,K1
FUR-00358,O.00.19,K1
FUR-00359,O.00.19,K1
FUR-00360,O.00.19,K1
FUR-00361,O.00.19,SN80
FUR-00362,O.00.19,SN80
FUR-00363,O.00.19,SN80
FUR-00364,O.00.19,SV80
FUR-00365,O.00.19,T5
FUR-00366,O.00.19,T5
FUR-00367,O.00.19,T5
FUR-00368,O.00.19,T5
FUR-00369,O.00.19,T5
FUR-00370,O.00.19,T5
FUR-00371,O.00.19,Z4
FUR-00372,O.00.19,Z4
FUR-00373,O.00.19,Z4
FUR-00374,O.00.20,K1
FUR-00375,O.00.20,K1
FUR-00376,O.00.20,K1
FUR-00377,O.00.20,K1
FUR-00378,O.00.20,SN80
FUR-00379,O.00.20,SN80
FUR-00380,O.00.20,SN80
FUR-00381,O.00.20,SN80
FUR-00382,O.00.20,SN80
FUR-00383,O.00.20,SV81
FUR-00384,O.00.20,T5
FUR-00385,O.00.20,T5
FUR-00386,O.00.20,T5
FUR-00387,O.00.20,T5
FUR-00388,O.00.20,T5
FUR-00389,O.00.20,Z2
FUR-00390,O.00.20,Z2
FUR-00391,O.00.20,Z2
FUR-00392,O.00.20,Z3
FUR-00393,O.00.20,Z3
FUR-00394,O.00.20,Z4
FUR-00395,O.00.21,K1
FUR-00396,O.00.21,K1
FUR-00397,O.00.21,SN80
FUR-00398,O.00.21,SN80
FUR-00399,O.00.21,SN80
FUR-00400,O.00.21,SN80
FUR-00401,O.00.21,SV80
FUR-00402,O.00.21,SV80s
FUR-00403,O.00.21,SV81
FUR-00404,O.00.21,T3
FUR-00405,O.00.21,T3
FUR-00406,O.00.21,T4
FUR-00407,O.00.21,Z2
FUR-00408,O.00.21,Z2
FUR-00409,O.00.21,Z4
FUR-00410,O.00.21,Z4
FUR-00411,O.00.22,K1
FUR-00412,O.00.22,K1
FUR-00413,O.00.22,SN80
FUR-00414,O.00.22,SV80
FUR-00415,O.00.22,SV80s
FUR-00416,O.00.22,SV80s
FUR-00417,O.00.22,T5
FUR-00418,O.00.22,T5
FUR-00419,O.00.22,T5
FUR-00420,O.00.22,Z1
FUR-00421,O.00.22,Z3
FUR-00422,O.00.22,Z3
FUR-00423,O.00.23,K1
FUR-00424,O.00.23,K1
FUR-00425,O.00.23,K1
FUR-00426,O.00.23,K1
FUR-00427,O.00.23,SN80
FUR-00428,O.00.23,SN80
FUR-00429,O.00.23,SN80
FUR-00430,O.00.23,SN80
FUR-00431,O.00.23,SN80
FUR-00432,O.00.23,SN80
FUR-00433,O.00.23,SV80s
FUR-00434,O.00.23,SV81
FUR-00435,O.00.23,T2-ND
FUR-00436,O.00.23,T3
FUR-00437,O.00.23,T3
FUR-00438,O.00.23,T5
FUR-00439,O.00.23,T5
FUR-00440,O.00.23,Z1
FUR-00441,O.00.23,Z1
FUR-00442,O.00.23,Z1
FUR-00443,O.00.23,Z1
FUR-00444,O.00.23,Z3
FUR-00445,O.00.23,Z3
FUR-00446,O.00.23,Z4
FUR-00447,O.00.25,T2
FUR-00448,O.00.25,T2
FUR-00449,O.00.25,Z2
FUR-00450,O.00.25,Z2
FUR-00451,O.00.29,SN80
FUR-00452,O.00.29,T8
FUR-00453,O.00.29,Z2
FUR-00454,O.00.29,Z2
FUR-00455,O.00.29,Z2
FUR-00456,O.00.29,Z2
FUR-00457,O.00.29,Z2
FUR-00458,O.00.29,Z2
FUR-00459,O.00.29,Z2
FUR-00460,O.00.30,T2
FUR-00461,O.00.31,SN80
FUR-00462,O.00.31,SN80
FUR-00463,O.00.31,T2
FUR-00464,O.00.32,SN80
FUR-00465,O.00.32,T8
FUR-00466,O.00.32,Z2
FUR-00467,O.00.32,Z2
FUR-00468,O.00.32,Z2
FUR-00469,O.00.32,Z2
FUR-00470,O.00.32,Z2
FUR-00471,O.00.32,Z2
FUR-00472,O.00.32,Z2
FUR-00473,O.00.32,Z2
FUR-00474,O.00.36,T2
FUR-00475,O.00.36,T2
FUR-00476,O.00.36,Z2
FUR-00477,O.00.36,Z2
FUR-00478,O.00.36,Z2
FUR-00479,O.00.36,Z2
FUR-00480,O.00.37,SN80
FUR-00481,O.00.37,SN80
FUR-00482,O.00.37,SN80
FUR-00483,O.00.37,SN80
FUR-00484,O.00.37,SN80
FUR-00485,O.00.37,SV80
FUR-00486,O.00.37,SV80s
FUR-00487,O.00.37,SV80s
FUR-00488,O.00.37,Z2
FUR-00489,O.00.37,Z2
FUR-00490,O.00.40,K1
FUR-00491,O.00.40,K1
FUR-00492,O.00.40,K1
FUR-00493,O.00.40,K1
FUR-00494,O.00.40,SN80
FUR-00495,O.00.40,SN80
FUR-00496,O.00.40,SN80
FUR-00497,O.00.40,SV81
FUR-00498,O.00.40,SV81
FUR-00499,O.00.40,T14
FUR-00500,O.00.40,T6
FUR-00501,O.00.40,Z3
FUR-00502,O.00.40,Z3
FUR-00503,O.00.40,Z3
FUR-00504,O.00.40,Z3
FUR-00505,O.00.40,Z3
FUR-00506,O.00.41,K1
FUR-00507,O.00.41,K1
FUR-00508,O.00.41,K1
FUR-00509,O.00.41,K1
FUR-00510,O.00.41,SN80
FUR-00511,O.00.41,SN80
FUR-00512,O.00.41,SN80
FUR-00513,O.00.41,SN80
FUR-00514,O.00.41,SV80
FUR-00515,O.00.41,SV80
FUR-00516,O.00.41,SV80
FUR-00517,O.00.41,SV80
FUR-00518,O.00.41,SV81
FUR-00519,O.00.41,T5
FUR-00520,O.00.41,T5
FUR-00521,O.00.41,Z3
FUR-00522,O.00.41,Z3
FUR-00523,O.00.41,Z3
FUR-00524,O.00.41,Z4
FUR-00525,O.00.42,K1
FUR-00526,O.00.42,K1
FUR-00527,O.00.42,K1
FUR-00528,O.00.42,SN80
FUR-00529,O.00.42,SN80
FUR-00530,O.00.42,SN80
FUR-00531,O.00.42,SV80
FUR-00532,O.00.42,SV80s
FUR-00533,O.00.42,SV81
FUR-00534,O.00.42,T5
FUR-00535,O.00.42,T5
FUR-00536,O.00.42,T5
FUR-00537,O.00.42,Z3
FUR-00538,O.00.42,Z4
FUR-00539,O.00.43,SN80
FUR-00540,O.00.43,SN80
FUR-00541,O.00.43,SV80
FUR-00542,O.00.43,SV80s
FUR-00543,O.00.43,T2
FUR-00544,O.00.43,Z1
FUR-00545,O.00.43,Z2
FUR-00546,O.00.43,Z2
FUR-00547,O.00.44,K1
FUR-00548,O.00.44,K1
FUR-00549,O.00.44,K1
FUR-00550,O.00.44,K1
FUR-00551,O.00.44,K1
FUR-00552,O.00.44,K1
FUR-00553,O.00.44,K1
FUR-00554,O.00.44,K1
FUR-00555,O.00.44,K1
FUR-00556,O.00.44,SN80
FUR-00557,O.00.44,SN80
FUR-00558,O.00.44,SN80
FUR-00559,O.00.44,SN80
FUR-00560,O.00.44,SN80
FUR-00561,O.00.44,SV80s
FUR-00562,O.00.44,SV80s
FUR-00563,O.00.44,SV80s
FUR-00564,O.00.44,SV80s
FUR-00565,O.00.44,SV81
FUR-00566,O.00.44,SV81
FUR-00567,O.00.44,SV81
FUR-00568,O.00.44,SV81
FUR-00569,O.00.44,SV81
FUR-00570,O.00.44,T14
FUR-00571,O.00.44,T14
FUR-00572,O.00.44,T5
FUR-00573,O.00.44,T5
FUR-00574,O.00.44,T6
FUR-00575,O.00.44,Z2
FUR-00576,O.00.44,Z3
FUR-00577,O.00.44,Z3
FUR-00578,O.00.44,Z3
FUR-00579,O.00.44,Z3
FUR-00580,O.00.44,Z3
FUR-00581,O.00.44,Z3
FUR-00582,O.00.44,Z3
FUR-00583,O.00.44,Z3
FUR-00584,O.00.46,K1
FUR-00585,O.00.46,K1
FUR-00586,O.00.46,SN80
FUR-00587,O.00.46,SN80
FUR-00588,O.00.46,SV80s
FUR-00589,O.00.46,SV81
FUR-00590,O.00.46,T1-ND
FUR-00591,O.00.46,T3
FUR-00592,O.00.46,Z3
FUR-00593,O.00.46,Z4
FUR-00594,O.00.47,SN80
FUR-00595,O.00.47,SN80
FUR-00596,O.00.47,SN80
FUR-00597,O.00.47,SV80s
FUR-00598,O.00.47,SV81
FUR-00599,O.00.47,Z1
FUR-00600,O.00.47,Z3
FUR-00601,O.00.48,SN80
FUR-00602,O.00.48,SN80
FUR-00603,O.00.48,SN80
FUR-00604,O.00.48,SV80s
FUR-00605,O.00.48,SV81
FUR-00606,O.00.48,Z3
FUR-00607,O.00.48,Z4
FUR-00608,O.00.48,Z4
FUR-00609,O.00.49,K1
FUR-00610,O.00.49,K1
FUR-00611,O.00.49,K1
FUR-00612,O.00.49,K1
FUR-00613,O.00.49,SV80
FUR-00614,O.00.49,SV81
FUR-00615,O.00.49,T2
FUR-00616,O.00.49,T2
FUR-00617,O.00.49,T3
FUR-00618,O.00.49,T3
FUR-00619,O.00.49,T5
FUR-00620,O.00.49,Z1
FUR-00621,O.00.49,Z2
FUR-00622,O.00.49,Z3
FUR-00623,O.00.49,Z3
FUR-00624,O.00.49,Z3
FUR-00625,O.00.49,Z3
FUR-00626,O.00.50,K1
FUR-00627,O.00.50,K1
FUR-00628,O.00.50,K1
FUR-00629,O.00.50,SN80
FUR-00630,O.00.50,SV80s
FUR-00631,O.00.50,SV81
FUR-00632,O.00.50,SV81
FUR-00633,O.00.50,SV81
FUR-00634,O.00.50,SV81
FUR-00635,O.00.50,T1
FUR-00636,O.00.50,T1
FUR-00637,O.00.50,T4
FUR-00638,O.00.50,Z3
FUR-00639,O.00.50,Z3
FUR-00640,O.00.50,Z3
FUR-00641,O.00.50,Z3
FUR-00642,O.00.50,Z4
FUR-00643,O.00.51,K1
FUR-00644,O.00.51,K1
FUR-00645,O.00.51,SN80
FUR-00646,O.00.51,SN80
FUR-00647,O.00.51,SV81
FUR-00648,O.00.51,Z2
FUR-00649,O.00.51,Z3
FUR-00650,O.00.52,K1
FUR-00651,O.00.52,SN80
FUR-00652,O.00.52,SN80
FUR-00653,O.00.52,SN80
FUR-00654,O.00.52,SV81
FUR-00655,O.00.52,T1
FUR-00656,O.00.52,T3
FUR-00657,O.00.52,Z1
FUR-00658,O.00.52,Z1
FUR-00659,O.00.52,Z4
FUR-00660,O.00.53,SN80
FUR-00661,O.00.53,SN80
FUR-00662,O.00.53,SN80
FUR-00663,O.00.53,SV80s
FUR-00664,O.00.53,SV81
FUR-00665,O.00.53,Z3
FUR-00666,O.00.54,K1
FUR-00667,O.00.54,K1
FUR-00668,O.00.54,K1
FUR-00669,O.00.54,K1
FUR-00670,O.00.54,K1
FUR-00671,O.00.54,K1
FUR-00672,O.00.54,K1
FUR-00673,O.00.54,SN80
FUR-00674,O.00.54,SN80
FUR-00675,O.00.54,SN80
FUR-00676,O.00.54,SN80
FUR-00677,O.00.54,SN80
FUR-00678,O.00.54,SN80
FUR-00679,O.00.54,SN80
FUR-00680,O.00.54,SN80
FUR-00681,O.00.54,SN80
FUR-00682,O.00.54,SN80
FUR-00683,O.00.54,SN80
FUR-00684,O.00.54,SV80s
FUR-00685,O.00.54,SV80s
FUR-00686,O.00.54,SV81
FUR-00687,O.00.54,SV81
FUR-00688,O.00.54,T14
FUR-00689,O.00.54,T14
FUR-00690,O.00.54,T6
FUR-00691,O.00.54,T6
FUR-00692,O.00.54,Z2
FUR-00693,O.00.54,Z2
FUR-00694,O.00.54,Z3
FUR-00695,O.00.54,Z3
FUR-00696,O.00.54,Z3
FUR-00697,O.00.54,Z3
FUR-00698,O.00.54,Z3
FUR-00699,O.00.54,Z3
FUR-00700,O.00.54,Z4
FUR-00701,O.00.60,K1
FUR-00702,O.00.60,K1
FUR-00703,O.00.60,K1
FUR-00704,O.00.60,K1
FUR-00705,O.00.60,SN80
FUR-00706,O.00.60,SN80
FUR-00707,O.00.60,SN80
FUR-00708,O.00.60,SN80
FUR-00709,O.00.60,SN80
FUR-00710,O.00.60,SN80
FUR-00711,O.00.60,SN80
FUR-00712,O.00.60,SN80
FUR-00713,O.00.60,SV81
FUR-00714,O.00.60,T1
FUR-00715,O.00.60,T1
FUR-00716,O.00.60,T1
FUR-00717,O.00.60,T4
FUR-00718,O.00.60,Z2
FUR-00719,O.00.60,Z3
FUR-00720,O.00.60,Z3
FUR-00721,O.00.60,Z3
FUR-00722,O.00.60,Z4
FUR-00723,O.1.02,K1
FUR-00724,O.1.02,K1
FUR-00725,O.1.02,K1
FUR-00726,O.1.02,K1
FUR-00727,O.1.02,K1
FUR-00728,O.1.02,SN80
FUR-00729,O.1.02,SN80
FUR-00730,O.1.02,SN80
FUR-00731,O.1.02,SN80
FUR-00732,O.1.02,SV80
FUR-00733,O.1.02,SV80s
FUR-00734,O.1.02,SV81
FUR-00735,O.1.02,SV81
FUR-00736,O.1.02,T14
FUR-00737,O.1.02,T5
FUR-00738,O.1.02,T5
FUR-00739,O.1.02,T6
FUR-00740,O.1.02,Z1
FUR-00741,O.1.02,Z2
FUR-00742,O.1.02,Z2
FUR-00743,O.1.02,Z3
FUR-00744,O.1.02,Z3
FUR-00745,O.1.02,Z3
FUR-00746,O.1.02,Z3
FUR-00747,O.1.02,Z4
FUR-00748,O.1.03,K1
FUR-00749,O.1.03,K1
FUR-00750,O.1.03,K1
FUR-00751,O.1.03,K1
FUR-00752,O.1.03,SN80
FUR-00753,O.1.03,SN80
FUR-00754,O.1.03,SN80
FUR-00755,O.1.03,SN80
FUR-00756,O.1.03,SN80
FUR-00757,O.1.03,SN80
FUR-00758,O.1.03,T3
FUR-00759,O.1.03,T5
FUR-00760,O.1.03,T5
FUR-00761,O.1.03,T5
FUR-00762,O.1.03,T5
FUR-00763,O.1.03,Z2
FUR-00764,O.1.03,Z3
FUR-00765,O.1.03,Z3
FUR-00766,O.1.03,Z4
FUR-00767,O.1.03,Z4
FUR-00768,O.1.04,K1
FUR-00769,O.1.04,K1
FUR-00770,O.1.04,SN80
FUR-00771,O.1.04,SN80
FUR-00772,O.1.04,SV80
FUR-00773,O.1.04,SV80
FUR-00774,O.1.04,SV80s
FUR-00775,O.1.04,SV81
FUR-00776,O.1.04,SV81
FUR-00777,O.1.04,T2
FUR-00778,O.1.04,T3
FUR-00779,O.1.04,T3
FUR-00780,O.1.04,Z1
FUR-00781,O.1.04,Z2
FUR-00782,O.1.04,Z2
FUR-00783,O.1.04,Z2
FUR-00784,O.1.04,Z3
FUR-00785,O.1.05,K1
FUR-00786,O.1.05,K1
FUR-00787,O.1.05,SN80
FUR-00788,O.1.05,SN80
FUR-00789,O.1.05,SN80
FUR-00790,O.1.05,SV80
FUR-00791,O.1.05,SV80s
FUR-00792,O.1.05,SV81
FUR-00793,O.1.05,T3
FUR-00794,O.1.05,T3
FUR-00795,O.1.05,T4
FUR-00796,O.1.05,Z2
FUR-00797,O.1.05,Z2
FUR-00798,O.1.05,Z2
FUR-00799,O.1.06,K1
FUR-00800,O.1.06,K1
FUR-00801,O.1.06,SN80
FUR-00802,O.1.06,SN80
FUR-00803,O.1.06,SN80
FUR-00804,O.1.06,SN80
FUR-00805,O.1.06,SV80
FUR-00806,O.1.06,SV80s
FUR-00807,O.1.06,SV81
FUR-00808,O.1.06,T1
FUR-00809,O.1.06,T3
FUR-00810,O.1.06,T3
FUR-00811,O.1.06,Z1
FUR-00812,O.1.06,Z1
FUR-00813,O.1.06,Z2
FUR-00814,O.1.06,Z2
FUR-00815,O.1.06,Z3
FUR-00816,O.1.07,K1
FUR-00817,O.1.07,K1
FUR-00818,O.1.07,SN80
FUR-00819,O.1.07,SN80
FUR-00820,O.1.07,SN80
FUR-00821,O.1.07,SN80
FUR-00822,O.1.07,SV80
FUR-00823,O.1.07,SV80s
FUR-00824,O.1.07,SV81
FUR-00825,O.1.07,T3
FUR-00826,O.1.07,T3
FUR-00827,O.1.07,T4
FUR-00828,O.1.07,Z1
FUR-00829,O.1.07,Z3
FUR-00830,O.1.07,Z3
FUR-00831,O.1.08,K1
FUR-00832,O.1.08,K1
FUR-00833,O.1.08,SN80
FUR-00834,O.1.08,SN80
FUR-00835,O.1.08,SN80
FUR-00836,O.1.08,SV80
FUR-00837,O.1.08,SV80s
FUR-00838,O.1.08,SV81
FUR-00839,O.1.08,T4
FUR-00840,O.1.08,T5
FUR-00841,O.1.08,T5
FUR-00842,O.1.08,Z2
FUR-00843,O.1.08,Z2
FUR-00844,O.1.08,Z3
FUR-00845,O.1.08,Z4
FUR-00846,O.1.09,K1
FUR-00847,O.1.09,K1
FUR-00848,O.1.09,SN80
FUR-00849,O.1.09,SN80
FUR-00850,O.1.09,SN80
FUR-00851,O.1.09,SN80
FUR-00852,O.1.09,SV80
FUR-00853,O.1.09,SV80s
FUR-00854,O.1.09,SV81
FUR-00855,O.1.09,T4
FUR-00856,O.1.09,T5
FUR-00857,O.1.09,T5
FUR-00858,O.1.09,Z2
FUR-00859,O.1.09,Z2
FUR-00860,O.1.09,Z3
FUR-00861,O.1.09,Z3
FUR-00862,O.1.10,K1
FUR-00863,O.1.10,K1
FUR-00864,O.1.10,SN80
FUR-00865,O.1.10,SN80
FUR-00866,O.1.10,SN80
FUR-00867,O.1.10,SN80
FUR-00868,O.1.10,SN80
FUR-00869,O.1.10,SN80
FUR-00870,O.1.10,SV80
FUR-00871,O.1.10,SV80s
FUR-00872,O.1.10,T4
FUR-00873,O.1.10,T5
FUR-00874,O.1.10,T5
FUR-00875,O.1.10,Z2
FUR-00876,O.1.10,Z3
FUR-00877,O.1.10,Z3
FUR-00878,O.1.11,K1
FUR-00879,O.1.11,K1
FUR-00880,O.1.11,SN80
FUR-00881,O.1.11,SN80
FUR-00882,O.1.11,SN80
FUR-00883,O.1.11,SV80
FUR-00884,O.1.11,SV80s
FUR-00885,O.1.11,SV81
FUR-00886,O.1.11,T3
FUR-00887,O.1.11,T3
FUR-00888,O.1.11,T4
FUR-00889,O.1.11,Z2
FUR-00890,O.1.11,Z2
FUR-00891,O.1.11,Z3
FUR-00892,O.1.11,Z3
FUR-00893,O.1.12,K1
FUR-00894,O.1.12,K1
FUR-00895,O.1.12,K1
FUR-00896,O.1.12,K1
FUR-00897,O.1.12,SN80
FUR-00898,O.1.12,SN80
FUR-00899,O.1.12,SN80
FUR-00900,O.1.12,SN80
FUR-00901,O.1.12,SV80
FUR-00902,O.1.12,SV80s
FUR-00903,O.1.12,SV81
FUR-00904,O.1.12,SV81
FUR-00905,O.1.12,T1
FUR-00906,O.1.12,T1
FUR-00907,O.1.12,T1
FUR-00908,O.1.12,T1
FUR-00909,O.1.12,T3
FUR-00910,O.1.12,Z2
FUR-00911,O.1.12,Z3
FUR-00912,O.1.12,Z3
FUR-00913,O.1.12,Z3
FUR-00914,O.1.12,Z3
FUR-00915,O.1.12,Z4
FUR-00916,O.1.13,K1
FUR-00917,O.1.13,K1
FUR-00918,O.1.13,K1
FUR-00919,O.1.13,K1
FUR-00920,O.1.13,SN80
FUR-00921,O.1.13,SN80
FUR-00922,O.1.13,SN80
FUR-00923,O.1.13,SV80
FUR-00924,O.1.13,SV80s
FUR-00925,O.1.13,SV80s
FUR-00926,O.1.13,SV81
FUR-00927,O.1.13,SV81
FUR-00928,O.1.13,SV81
FUR-00929,O.1.13,T3
FUR-00930,O.1.13,T4
FUR-00931,O.1.13,T5
FUR-00932,O.1.13,T5
FUR-00933,O.1.13,T5
FUR-00934,O.1.13,Z1
FUR-00935,O.1.13,Z3
FUR-00936,O.1.13,Z3
FUR-00937,O.1.13,Z3
FUR-00938,O.1.13,Z3
FUR-00939,O.1.14,K1
FUR-00940,O.1.14,K1
FUR-00941,O.1.14,SN80
FUR-00942,O.1.14,SN80
FUR-00943,O.1.14,SV80s
FUR-00944,O.1.14,SV81
FUR-00945,O.1.14,T3
FUR-00946,O.1.14,T4
FUR-00947,O.1.14,Z3
FUR-00948,O.1.16,K1
FUR-00949,O.1.16,K1
FUR-00950,O.1.16,K1
FUR-00951,O.1.16,SN80
FUR-00952,O.1.16,SN80
FUR-00953,O.1.16,SV80
FUR-00954,O.1.16,SV80s
FUR-00955,O.1.16,SV81
FUR-00956,O.1.16,Z3
FUR-00957,O.1.16,Z3
FUR-00958,O.1.16,Z3
FUR-00959,O.1.17,K1
FUR-00960,O.1.17,K1
FUR-00961,O.1.17,SN80
FUR-00962,O.1.17,SN80
FUR-00963,O.1.17,SN80
FUR-00964,O.1.17,SV80
FUR-00965,O.1.17,SV80
FUR-00966,O.1.17,SV81
FUR-00967,O.1.17,SV81
FUR-00968,O.1.17,SV81
FUR-00969,O.1.17,SV81
FUR-00970,O.1.17,SV81
FUR-00971,O.1.17,Z3
FUR-00972,O.1.17,Z3
FUR-00973,O.1.18,K1
FUR-00974,O.1.18,SV80
FUR-00975,O.1.18,SV80
FUR-00976,O.1.18,SV80s
FUR-00977,O.1.18,SV80s
FUR-00978,O.1.18,SV81
FUR-00979,O.1.18,Z1
FUR-00980,O.1.18,Z1
FUR-00981,O.1.18,Z2
FUR-00982,O.1.18,Z3
FUR-00983,O.1.19,K1
FUR-00984,O.1.19,K1
FUR-00985,O.1.19,SN80
FUR-00986,O.1.19,SN80
FUR-00987,O.1.19,SN80
FUR-00988,O.1.19,SN80
FUR-00989,O.1.19,SV80
FUR-00990,O.1.19,SV80s
FUR-00991,O.1.19,SV81
FUR-00992,O.1.19,T3
FUR-00993,O.1.19,T3
FUR-00994,O.1.19,T7
FUR-00995,O.1.19,Z1
FUR-00996,O.1.19,Z2
FUR-00997,O.1.19,Z3
FUR-00998,O.1.19,Z3
FUR-00999,O.1.19,Z3
FUR-01000,O.1.20,K1
FUR-01001,O.1.20,K1
FUR-01002,O.1.20,SN80
FUR-01003,O.1.20,SN80
FUR-01004,O.1.20,SV81
FUR-01005,O.1.20,SV81
FUR-01006,O.1.20,T3
FUR-01007,O.1.20,T3
FUR-01008,O.1.20,T4
FUR-01009,O.1.20,Z1
FUR-01010,O.1.20,Z2
FUR-01011,O.1.20,Z2
FUR-01012,O.1.20,Z2
FUR-01013,O.1.21,SN80
FUR-01014,O.1.21,SN80
FUR-01015,O.1.21,SN80
FUR-01016,O.1.21,SV80
FUR-01017,O.1.21,SV80s
FUR-01018,O.1.21,SV81
FUR-01019,O.1.21,T3
FUR-01020,O.1.21,T4
FUR-01021,O.1.21,Z1
FUR-01022,O.1.21,Z2
FUR-01023,O.1.21,Z2
FUR-01024,O.1.21,Z2
FUR-01025,O.1.22,K1
FUR-01026,O.1.22,K1
FUR-01027,O.1.22,SN80
FUR-01028,O.1.22,SN80
FUR-01029,O.1.22,SV80s
FUR-01030,O.1.22,SV81
FUR-01031,O.1.22,SV81
FUR-01032,O.1.22,T1
FUR-01033,O.1.22,T2
FUR-01034,O.1.22,T4
FUR-01035,O.1.22,Z2
FUR-01036,O.1.22,Z4
FUR-01037,O.1.23,K1
FUR-01038,O.1.23,SN80
FUR-01039,O.1.23,SN80
FUR-01040,O.1.23,SN80
FUR-01041,O.1.23,SN80
FUR-01042,O.1.23,SV80
FUR-01043,O.1.23,SV80s
FUR-01044,O.1.23,SV81
FUR-01045,O.1.23,Z1
FUR-01046,O.1.25,T2
FUR-01047,O.1.25,Z5
FUR-01048,O.1.25,Z5
FUR-01049,O.1.29,SN80
FUR-01050,O.1.29,T8
FUR-01051,O.1.29,Z2
FUR-01052,O.1.29,Z2
FUR-01053,O.1.29,Z2
FUR-01054,O.1.29,Z2
FUR-01055,O.1.29,Z2
FUR-01056,O.1.29,Z2
FUR-01057,O.1.29,Z2
FUR-01058,O.1.29,Z2
FUR-01059,O.1.32,SN80
FUR-01060,O.1.32,SN80
FUR-01061,O.1.32,T8
FUR-01062,O.1.32,Z2
FUR-01063,O.1.32,Z2
FUR-01064,O.1.32,Z2
FUR-01065,O.1.32,Z2
FUR-01066,O.1.32,Z2
FUR-01067,O.1.32,Z2
FUR-01068,O.1.32,Z2
FUR-01069,O.1.32,Z2
FUR-01070,O.1.32,Z2
FUR-01071,O.1.36,T2
FUR-01072,O.1.36,T2
FUR-01073,O.1.36,Z5
FUR-01074,O.1.36,Z5
FUR-01075,O.1.36,Z5
FUR-01076,O.1.36,Z5
FUR-01077,O.1.40,K1
FUR-01078,O.1.40,K1
FUR-01079,O.1.40,K1
FUR-01080,O.1.40,K1
FUR-01081,O.1.40,K1
FUR-01082,O.1.40,SN80
FUR-01083,O.1.40,SN80
FUR-01084,O.1.40,SN80
FUR-01085,O.1.40,SV80
FUR-01086,O.1.40,SV80s
FUR-01087,O.1.40,SV81
FUR-01088,O.1.40,T5
FUR-01089,O.1.40,T5
FUR-01090,O.1.40,T5
FUR-01091,O.1.40,T5
FUR-01092,O.1.40,T5
FUR-01093,O.1.40,T5
FUR-01094,O.1.40,Z3
FUR-01095,O.1.40,Z3
FUR-01096,O.1.40,Z3
FUR-01097,O.1.40,Z3
FUR-01098,O.1.40,Z4
FUR-01099,O.1.41,K1
FUR-01100,O.1.41,K1
FUR-01101,O.1.41,K1
FUR-01102,O.1.41,K1
FUR-01103,O.1.41,SN80
FUR-01104,O.1.41,SN80
FUR-01105,O.1.41,SN80
FUR-01106,O.1.41,SN80
FUR-01107,O.1.41,SN80
FUR-01108,O.1.41,SN80
FUR-01109,O.1.41,SN80
FUR-01110,O.1.41,SN80
FUR-01111,O.1.41,SV80
FUR-01112,O.1.41,SV80
FUR-01113,O.1.41,SV80s
FUR-01114,O.1.41,SV80s
FUR-01115,O.1.41,SV81
FUR-01116,O.1.41,SV81
FUR-01117,O.1.41,T4
FUR-01118,O.1.41,Z2
FUR-01119,O.1.41,Z2
FUR-01120,O.1.41,Z2
FUR-01121,O.1.41,Z3
FUR-01122,O.1.41,Z3
FUR-01123,O.1.41,Z3
FUR-01124,O.1.41,Z5
FUR-01125,O.1.41,Z5
FUR-01126,O.1.42,K1
FUR-01127,O.1.42,K1
FUR-01128,O.1.42,K1
FUR-01129,O.1.42,SN80
FUR-01130,O.1.42,SN80
FUR-01131,O.1.42,SN80
FUR-01132,O.1.42,SV80
FUR-01133,O.1.42,SV80s
FUR-01134,O.1.42,SV81
FUR-01135,O.1.42,T4
FUR-01136,O.1.42,T4
FUR-01137,O.1.42,T5
FUR-01138,O.1.42,T5
FUR-01139,O.1.42,T5
FUR-01140,O.1.42,Z2
FUR-01141,O.1.42,Z3
FUR-01142,O.1.42,Z3
FUR-01143,O.1.42,Z3
FUR-01144,O.1.43,K1
FUR-01145,O.1.43,K1
FUR-01146,O.1.43,K1
FUR-01147,O.1.43,SN80
FUR-01148,O.1.43,SN80
FUR-01149,O.1.43,SN80
FUR-01150,O.1.43,SV80
FUR-01151,O.1.43,SV80s
FUR-01152,O.1.43,SV81
FUR-01153,O.1.43,T5
FUR-01154,O.1.43,T5
FUR-01155,O.1.43,T5
FUR-01156,O.1.43,T5
FUR-01157,O.1.43,T6
FUR-01158,O.1.43,Z1
FUR-01159,O.1.43,Z2
FUR-01160,O.1.43,Z3
FUR-01161,O.1.43,Z3
FUR-01162,O.1.43,Z3
FUR-01163,O.1.43,Z4
FUR-01164,O.1.44,SN80
FUR-01165,O.1.44,SN80
FUR-01166,O.1.44,SN80
FUR-01167,O.1.44,SV80s
FUR-01168,O.1.44,SV81
FUR-01169,O.1.44,Z1
FUR-01170,O.1.44,Z2
FUR-01171,O.1.44,Z2
FUR-01172,O.1.45,K1
FUR-01173,O.1.45,K1
FUR-01174,O.1.45,K1
FUR-01175,O.1.45,K1
FUR-01176,O.1.45,K1
FUR-01177,O.1.45,K1
FUR-01178,O.1.45,K1
FUR-01179,O.1.45,K1
FUR-01180,O.1.45,K1
FUR-01181,O.1.45,K1
FUR-01182,O.1.45,SN80
FUR-01183,O.1.45,SN80
FUR-01184,O.1.45,SN80
FUR-01185,O.1.45,SN80
FUR-01186,O.1.45,SN80
FUR-01187,O.1.45,SN80
FUR-01188,O.1.45,SN80
FUR-01189,O.1.45,SV80
FUR-01190,O.1.45,SV80
FUR-01191,O.1.45,SV80s
FUR-01192,O.1.45,SV81
FUR-01193,O.1.45,SV81
FUR-01194,O.1.45,SV81
FUR-01195,O.1.45,SV81
FUR-01196,O.1.45,T14
FUR-01197,O.1.45,T5
FUR-01198,O.1.45,T5
FUR-01199,O.1.45,T5
FUR-01200,O.1.45,T5
FUR-01201,O.1.45,Z1
FUR-01202,O.1.45,Z1
FUR-01203,O.1.45,Z2
FUR-01204,O.1.45,Z2
FUR-01205,O.1.45,Z2
FUR-01206,O.1.45,Z3
FUR-01207,O.1.45,Z3
FUR-01208,O.1.45,Z3
FUR-01209,O.1.45,Z3
FUR-01210,O.1.45,Z3
FUR-01211,O.1.45,Z3
FUR-01212,O.1.45,Z4
FUR-01213,O.1.46,K1
FUR-01214,O.1.46,K1
FUR-01215,O.1.46,K1
FUR-01216,O.1.46,K1
FUR-01217,O.1.46,K1
FUR-01218,O.1.46,K1
FUR-01219,O.1.46,K1
FUR-01220,O.1.46,K1
FUR-01221,O.1.46,K1
FUR-01222,O.1.46,SN80
FUR-01223,O.1.46,SN80
FUR-01224,O.1.46,SN80
FUR-01225,O.1.46,SN80
FUR-01226,O.1.46,SN80
FUR-01227,O.1.46,SN80
FUR-01228,O.1.46,SN80
FUR-01229,O.1.46,SV80
FUR-01230,O.1.46,SV80
FUR-01231,O.1.46,SV80s
FUR-01232,O.1.46,SV80s
FUR-01233,O.1.46,SV81
FUR-01234,O.1.46,SV81
FUR-01235,O.1.46,SV81
FUR-01236,O.1.46,SV81
FUR-01237,O.1.46,T3
FUR-01238,O.1.46,T3
FUR-01239,O.1.46,T4
FUR-01240,O.1.46,T4
FUR-01241,O.1.46,Z2
FUR-01242,O.1.46,Z2
FUR-01243,O.1.46,Z3
FUR-01244,O.1.46,Z3
FUR-01245,O.1.46,Z3
FUR-01246,O.1.46,Z3
FUR-01247,O.1.46,Z3
FUR-01248,O.1.46,Z3
FUR-01249,O.1.46,Z3
FUR-01250,O.1.46,Z3
FUR-01251,O.1.46,Z4
FUR-01252,O.1.47,SN80
FUR-01253,O.1.47,SN80
FUR-01254,O.1.47,SN80
FUR-01255,O.1.47,SV80s
FUR-01256,O.1.47,SV81
FUR-01257,O.1.47,Z1
FUR-01258,O.1.47,Z2
FUR-01259,O.1.47,Z2
FUR-01260,O.1.48,SN80
FUR-01261,O.1.48,SN80
FUR-01262,O.1.48,SN80
FUR-01263,O.1.48,SV80s
FUR-01264,O.1.48,SV81
FUR-01265,O.1.48,Z2
FUR-01266,O.1.48,Z3
FUR-01267,O.1.48,Z4
FUR-01268,O.1.49,SN80
FUR-01269,O.1.49,SN80
FUR-01270,O.1.49,SV81
FUR-01271,O.1.49,Z1
FUR-01272,O.1.49,Z2
FUR-01273,O.1.49,Z3
FUR-01274,O.1.50,K1
FUR-01275,O.1.50,K1
FUR-01276,O.1.50,SN80
FUR-01277,O.1.50,SN80
FUR-01278,O.1.50,SN80
FUR-01279,O.1.50,SN80
FUR-01280,O.1.50,SN80
FUR-01281,O.1.50,SV80
FUR-01282,O.1.50,SV80s
FUR-01283,O.1.50,SV81
FUR-01284,O.1.50,T4
FUR-01285,O.1.50,T4
FUR-01286,O.1.50,T5
FUR-01287,O.1.50,T5
FUR-01288,O.1.50,T5
FUR-01289,O.1.50,Z3
FUR-01290,O.1.50,Z3
FUR-01291,O.1.50,Z4
FUR-01292,O.1.51,K1
FUR-01293,O.1.51,K1
FUR-01294,O.1.51,K1
FUR-01295,O.1.51,K1
FUR-01296,O.1.51,SN80
FUR-01297,O.1.51,SV80
FUR-01298,O.1.51,SV80
FUR-01299,O.1.51,SV81
FUR-01300,O.1.51,SV81
FUR-01301,O.1.51,T1
FUR-01302,O.1.51,T3
FUR-01303,O.1.51,T3
FUR-01304,O.1.51,T3
FUR-01305,O.1.51,T5
FUR-01306,O.1.51,Z1
FUR-01307,O.1.51,Z1
FUR-01308,O.1.51,Z1
FUR-01309,O.1.51,Z2
FUR-01310,O.1.51,Z3
FUR-01311,O.1.51,Z3
FUR-01312,O.1.52,K1
FUR-01313,O.1.52,SN80
FUR-01314,O.1.52,SN80
FUR-01315,O.1.52,SN80
FUR-01316,O.1.52,SV80s
FUR-01317,O.1.52,SV81
FUR-01318,O.1.52,Z1
FUR-01319,O.1.52,Z2
FUR-01320,O.1.52,Z3
FUR-01321,O.1.53,K1
FUR-01322,O.1.53,SN80
FUR-01323,O.1.53,SN80
FUR-01324,O.1.53,SN80
FUR-01325,O.1.53,SV80s
FUR-01326,O.1.53,SV81
FUR-01327,O.1.53,Z2
FUR-01328,O.1.53,Z3
FUR-01329,O.1.54,SN80
FUR-01330,O.1.54,SN80
FUR-01331,O.1.54,SN80
FUR-01332,O.1.54,SV80s
FUR-01333,O.1.54,Z1
FUR-01334,O.1.54,Z4
FUR-01335,O.1.54,Z4
FUR-01336,O.1.55,K1
FUR-01337,O.1.55,K1
FUR-01338,O.1.55,K1
FUR-01339,O.1.55,K1
FUR-01340,O.1.55,K1
FUR-01341,O.1.55,K1
FUR-01342,O.1.55,K1
FUR-01343,O.1.55,K1
FUR-01344,O.1.55,SN80
FUR-01345,O.1.55,SN80
FUR-01346,O.1.55,SN80
FUR-01347,O.1.55,SN80
FUR-01348,O.1.55,SN80
FUR-01349,O.1.55,SN80
FUR-01350,O.1.55,SV80
FUR-01351,O.1.55,SV80s
FUR-01352,O.1.55,SV80s
FUR-01353,O.1.55,SV80s
FUR-01354,O.1.55,SV81
FUR-01355,O.1.55,SV81
FUR-01356,O.1.55,SV81
FUR-01357,O.1.55,T14
FUR-01358,O.1.55,T14
FUR-01359,O.1.55,T5
FUR-01360,O.1.55,T5
FUR-01361,O.1.55,Z1
FUR-01362,O.1.55,Z1
FUR-01363,O.1.55,Z1
FUR-01364,O.1.55,Z3
FUR-01365,O.1.55,Z3
FUR-01366,O.1.55,Z3
FUR-01367,O.1.55,Z3
FUR-01368,O.1.55,Z3
FUR-01369,O.2.02,K1
FUR-01370,O.2.02,K1
FUR-01371,O.2.02,K1
FUR-01372,O.2.02,K1
FUR-01373,O.2.02,K1
FUR-01374,O.2.02,K1
FUR-01375,O.2.02,SN80
FUR-01376,O.2.02,SN80
FUR-01377,O.2.02,SN80
FUR-01378,O.2.02,SN80
FUR-01379,O.2.02,SV80
FUR-01380,O.2.02,SV80s
FUR-01381,O.2.02,SV81
FUR-01382,O.2.02,SV81
FUR-01383,O.2.02,T14
FUR-01384,O.2.02,T5
FUR-01385,O.2.02,T5
FUR-01386,O.2.02,T6
FUR-01387,O.2.02,Z1
FUR-01388,O.2.02,Z1
FUR-01389,O.2.02,Z1
FUR-01390,O.2.02,Z2
FUR-01391,O.2.02,Z2
FUR-01392,O.2.02,Z2
FUR-01393,O.2.02,Z3
FUR-01394,O.2.02,Z3
FUR-01395,O.2.02,Z4
FUR-01396,O.2.03,K1
FUR-01397,O.2.03,K1
FUR-01398,O.2.03,SN80
FUR-01399,O.2.03,SN80
FUR-01400,O.2.03,SN80
FUR-01401,O.2.03,SV80
FUR-01402,O.2.03,SV80s
FUR-01403,O.2.03,T5
FUR-01404,O.2.03,T5
FUR-01405,O.2.03,Z1
FUR-01406,O.2.03,Z2
FUR-01407,O.2.03,Z2
FUR-01408,O.2.03,Z3
FUR-01409,O.2.03,Z3
FUR-01410,O.2.03,Z3
FUR-01411,O.2.04,SN80
FUR-01412,O.2.04,SN80
FUR-01413,O.2.04,SN80
FUR-01414,O.2.04,SN80
FUR-01415,O.2.04,SN80
FUR-01416,O.2.04,SV80
FUR-01417,O.2.04,SV80s
FUR-01418,O.2.04,Z2
FUR-01419,O.2.04,Z3
FUR-01420,O.2.04,Z3
FUR-01421,O.2.04,Z3
FUR-01422,O.2.05,K1
FUR-01423,O.2.05,K1
FUR-01424,O.2.05,SV80
FUR-01425,O.2.05,SV80s
FUR-01426,O.2.05,SV81
FUR-01427,O.2.05,SV81
FUR-01428,O.2.05,SV81
FUR-01429,O.2.05,SV81
FUR-01430,O.2.05,T3
FUR-01431,O.2.05,T3
FUR-01432,O.2.05,Z1
FUR-01433,O.2.05,Z3
FUR-01434,O.2.06,K1
FUR-01435,O.2.06,K1
FUR-01436,O.2.06,SN80
FUR-01437,O.2.06,SN80
FUR-01438,O.2.06,SN80
FUR-01439,O.2.06,SN80
FUR-01440,O.2.06,SV80
FUR-01441,O.2.06,SV80s
FUR-01442,O.2.06,SV81
FUR-01443,O.2.06,T3
FUR-01444,O.2.06,T5
FUR-01445,O.2.06,T5
FUR-01446,O.2.06,Z1
FUR-01447,O.2.06,Z2
FUR-01448,O.2.06,Z3
FUR-01449,O.2.07,K1
FUR-01450,O.2.07,K1
FUR-01451,O.2.07,SN80
FUR-01452,O.2.07,SN80
FUR-01453,O.2.07,SN80
FUR-01454,O.2.07,SN80
FUR-01455,O.2.07,SV81
FUR-01456,O.2.07,T3
FUR-01457,O.2.07,T3
FUR-01458,O.2.07,T3
FUR-01459,O.2.07,Z1
FUR-01460,O.2.07,Z1
FUR-01461,O.2.07,Z3
FUR-01462,O.2.08,K1
FUR-01463,O.2.08,K1
FUR-01464,O.2.08,K1
FUR-01465,O.2.08,SN80
FUR-01466,O.2.08,SN80
FUR-01467,O.2.08,SN80
FUR-01468,O.2.08,SV80
FUR-01469,O.2.08,SV80s
FUR-01470,O.2.08,SV81
FUR-01471,O.2.08,T3
FUR-01472,O.2.08,T3
FUR-01473,O.2.08,T3
FUR-01474,O.2.08,T4
FUR-01475,O.2.08,Z2
FUR-01476,O.2.08,Z2
FUR-01477,O.2.08,Z3
FUR-01478,O.2.08,Z3
FUR-01479,O.2.08,Z3
FUR-01480,O.2.09,K1
FUR-01481,O.2.09,K1
FUR-01482,O.2.09,SN80
FUR-01483,O.2.09,SN80
FUR-01484,O.2.09,SN80
FUR-01485,O.2.09,SN80
FUR-01486,O.2.09,SV80
FUR-01487,O.2.09,SV80s
FUR-01488,O.2.09,SV81
FUR-01489,O.2.09,T3
FUR-01490,O.2.09,T3
FUR-01491,O.2.09,T4
FUR-01492,O.2.09,Z1
FUR-01493,O.2.09,Z2
FUR-01494,O.2.09,Z2
FUR-01495,O.2.09,Z2
FUR-01496,O.2.09,Z4
FUR-01497,O.2.10,K1
FUR-01498,O.2.10,K1
FUR-01499,O.2.10,SN80
FUR-01500,O.2.10,SN80
FUR-01501,O.2.10,SN80
FUR-01502,O.2.10,SN80
FUR-01503,O.2.10,SV80
FUR-01504,O.2.10,SV80s
FUR-01505,O.2.10,SV81
FUR-01506,O.2.10,T1
FUR-01507,O.2.10,T1
FUR-01508,O.2.10,T3
FUR-01509,O.2.10,Z3
FUR-01510,O.2.10,Z3
FUR-01511,O.2.10,Z3
FUR-01512,O.2.11,K1
FUR-01513,O.2.11,K1
FUR-01514,O.2.11,SN80
FUR-01515,O.2.11,SN80
FUR-01516,O.2.11,SN80
FUR-01517,O.2.11,SV80
FUR-01518,O.2.11,SV80s
FUR-01519,O.2.11,SV81
FUR-01520,O.2.11,T1
FUR-01521,O.2.11,T3
FUR-01522,O.2.11,T3
FUR-01523,O.2.11,Z1
FUR-01524,O.2.11,Z2
FUR-01525,O.2.11,Z2
FUR-01526,O.2.11,Z3
FUR-01527,O.2.13,K1
FUR-01528,O.2.13,K1
FUR-01529,O.2.13,K1
FUR-01530,O.2.13,K1
FUR-01531,O.2.13,SN80
FUR-01532,O.2.13,SV80
FUR-01533,O.2.13,SV80s
FUR-01534,O.2.13,SV81
FUR-01535,O.2.13,T3
FUR-01536,O.2.13,T3
FUR-01537,O.2.13,T3
FUR-01538,O.2.13,T3
FUR-01539,O.2.13,T4
FUR-01540,O.2.13,Z1
FUR-01541,O.2.13,Z1
FUR-01542,O.2.13,Z2
FUR-01543,O.2.13,Z2
FUR-01544,O.2.13,Z3
FUR-01545,O.2.13,Z3
FUR-01546,O.2.14,K1
FUR-01547,O.2.14,K1
FUR-01548,O.2.14,SN80
FUR-01549,O.2.14,SV80
FUR-01550,O.2.14,SV80s
FUR-01551,O.2.14,SV81
FUR-01552,O.2.14,T10
FUR-01553,O.2.14,T5
FUR-01554,O.2.14,Z2
FUR-01555,O.2.14,Z2
FUR-01556,O.2.14,Z2
FUR-01557,O.2.14,Z3
FUR-01558,O.2.14,Z4
FUR-01559,O.2.16,K1
FUR-01560,O.2.16,K1
FUR-01561,O.2.16,K1
FUR-01562,O.2.16,SN80
FUR-01563,O.2.16,SV80
FUR-01564,O.2.16,SV80s
FUR-01565,O.2.16,SV81
FUR-01566,O.2.16,T4
FUR-01567,O.2.16,T5
FUR-01568,O.2.16,T5
FUR-01569,O.2.16,T5
FUR-01570,O.2.16,Z2
FUR-01571,O.2.16,Z2
FUR-01572,O.2.16,Z2
FUR-01573,O.2.16,Z2
FUR-01574,O.2.16,Z4
FUR-01575,O.2.16,Z4
FUR-01576,O.2.16,Z4
FUR-01577,O.2.17,K1
FUR-01578,O.2.17,K1
FUR-01579,O.2.17,SN80
FUR-01580,O.2.17,SN80
FUR-01581,O.2.17,SN80
FUR-01582,O.2.17,SN80
FUR-01583,O.2.17,SN80
FUR-01584,O.2.17,SV80
FUR-01585,O.2.17,SV81
FUR-01586,O.2.18,K1
FUR-01587,O.2.18,K1
FUR-01588,O.2.18,SN80
FUR-01589,O.2.18,SN80
FUR-01590,O.2.18,SN80
FUR-01591,O.2.18,SN80
FUR-01592,O.2.18,SV80
FUR-01593,O.2.18,SV80s
FUR-01594,O.2.18,SV81
FUR-01595,O.2.18,T2
FUR-01596,O.2.18,T3
FUR-01597,O.2.18,T3
FUR-01598,O.2.18,T4
FUR-01599,O.2.18,Z1
FUR-01600,O.2.18,Z2
FUR-01601,O.2.18,Z2
FUR-01602,O.2.18,Z2
FUR-01603,O.2.19,K1
FUR-01604,O.2.19,K1
FUR-01605,O.2.19,K1
FUR-01606,O.2.19,SN80
FUR-01607,O.2.19,SN80
FUR-01608,O.2.19,SN80
FUR-01609,O.2.19,SV80
FUR-01610,O.2.19,SV80s
FUR-01611,O.2.19,SV81
FUR-01612,O.2.19,T3
FUR-01613,O.2.19,T3
FUR-01614,O.2.19,Z1
FUR-01615,O.2.19,Z1
FUR-01616,O.2.19,Z2
FUR-01617,O.2.19,Z2
FUR-01618,O.2.19,Z3
FUR-01619,O.2.20,K1
FUR-01620,O.2.20,K1
FUR-01621,O.2.20,K1
FUR-01622,O.2.20,SN80
FUR-01623,O.2.20,SN80
FUR-01624,O.2.20,SN80
FUR-01625,O.2.20,SV80
FUR-01626,O.2.20,SV80s
FUR-01627,O.2.20,SV81
FUR-01628,O.2.20,SV81
FUR-01629,O.2.20,T5
FUR-01630,O.2.20,T5
FUR-01631,O.2.20,T5
FUR-01632,O.2.20,Z1
FUR-01633,O.2.20,Z3
FUR-01634,O.2.20,Z3
FUR-01635,O.2.21,K1
FUR-01636,O.2.21,K1
FUR-01637,O.2.21,SN80
FUR-01638,O.2.21,SN80
FUR-01639,O.2.21,SN80
FUR-01640,O.2.21,SN80
FUR-01641,O.2.21,SV80
FUR-01642,O.2.21,SV80s
FUR-01643,O.2.21,SV81
FUR-01644,O.2.21,T3
FUR-01645,O.2.21,T3
FUR-01646,O.2.21,T3
FUR-01647,O.2.21,Z1
FUR-01648,O.2.21,Z3
FUR-01649,O.2.21,Z3
FUR-01650,O.2.22,K1
FUR-01651,O.2.22,SN80
FUR-01652,O.2.22,SN80
FUR-01653,O.2.22,SV80
FUR-01654,O.2.22,SV80s
FUR-01655,O.2.22,SV81
FUR-01656,O.2.22,T3
FUR-01657,O.2.22,T3
FUR-01658,O.2.22,T3
FUR-01659,O.2.22,T3
FUR-01660,O.2.22,T5
FUR-01661,O.2.22,Z3
FUR-01662,O.2.22,Z4
FUR-01663,O.2.22,Z4
FUR-01664,O.2.22,Z4
FUR-01665,O.2.22,Z4
FUR-01666,O.2.22,Z4
FUR-01667,O.2.23,K1
FUR-01668,O.2.23,K1
FUR-01669,O.2.23,K1
FUR-01670,O.2.23,K1
FUR-01671,O.2.23,K1
FUR-01672,O.2.23,K1
FUR-01673,O.2.23,SN80
FUR-01674,O.2.23,SN80
FUR-01675,O.2.23,SN80
FUR-01676,O.2.23,SV80s
FUR-01677,O.2.23,SV80s
FUR-01678,O.2.23,SV80s
FUR-01679,O.2.23,SV80s
FUR-01680,O.2.23,SV81
FUR-01681,O.2.23,SV81
FUR-01682,O.2.23,SV81
FUR-01683,O.2.23,T14
FUR-01684,O.2.23,T4
FUR-01685,O.2.23,T5
FUR-01686,O.2.23,T5
FUR-01687,O.2.23,Z1
FUR-01688,O.2.23,Z2
FUR-01689,O.2.23,Z4
FUR-01690,O.2.23,Z4
FUR-01691,O.2.23,Z4
FUR-01692,O.2.23,Z4
FUR-01693,O.2.25,T2
FUR-01694,O.2.25,Z5
FUR-01695,O.2.25,Z5
FUR-01696,O.2.27,T7
FUR-01697,O.2.27,Z1
FUR-01698,O.2.27,Z2
FUR-01699,O.2.29,SN80
FUR-01700,O.2.29,T8
FUR-01701,O.2.29,Z2
FUR-01702,O.2.29,Z2
FUR-01703,O.2.29,Z2
FUR-01704,O.2.29,Z2
FUR-01705,O.2.29,Z2
FUR-01706,O.2.29,Z2
FUR-01707,O.2.29,Z2
FUR-01708,O.2.29,Z2
FUR-01709,O.2.32,SN80
FUR-01710,O.2.32,T10
FUR-01711,O.2.32,T10
FUR-01712,O.2.32,Z2
FUR-01713,O.2.32,Z2
FUR-01714,O.2.32,Z2
FUR-01715,O.2.32,Z2
FUR-01716,O.2.32,Z2
FUR-01717,O.2.32,Z2
FUR-01718,O.2.32,Z2
FUR-01719,O.2.32,Z2
FUR-01720,O.2.36,T2
FUR-01721,O.2.36,T2
FUR-01722,O.2.36,Z5
FUR-01723,O.2.36,Z5
FUR-01724,O.2.36,Z5
FUR-01725,O.2.40,K1
FUR-01726,O.2.40,K1
FUR-01727,O.2.40,K1
FUR-01728,O.2.40,K1
FUR-01729,O.2.40,K1
FUR-01730,O.2.40,K1
FUR-01731,O.2.40,SN80
FUR-01732,O.2.40,SN80
FUR-01733,O.2.40,SN80
FUR-01734,O.2.40,SV80
FUR-01735,O.2.40,SV80s
FUR-01736,O.2.40,SV81
FUR-01737,O.2.40,SV81
FUR-01738,O.2.40,T5
FUR-01739,O.2.40,T5
FUR-01740,O.2.40,T5
FUR-01741,O.2.40,T5
FUR-01742,O.2.40,T5
FUR-01743,O.2.40,T5
FUR-01744,O.2.40,Z1
FUR-01745,O.2.40,Z2
FUR-01746,O.2.40,Z2
FUR-01747,O.2.40,Z3
FUR-01748,O.2.40,Z4
FUR-01749,O.2.40,Z4
FUR-01750,O.2.40,Z4
FUR-01751,O.2.41,K1
FUR-01752,O.2.41,K1
FUR-01753,O.2.41,K1
FUR-01754,O.2.41,K1
FUR-01755,O.2.41,K1
FUR-01756,O.2.41,SN80
FUR-01757,O.2.41,SN80
FUR-01758,O.2.41,SV80
FUR-01759,O.2.41,SV80
FUR-01760,O.2.41,SV80s
FUR-01761,O.2.41,SV80s
FUR-01762,O.2.41,SV81
FUR-01763,O.2.41,SV81
FUR-01764,O.2.41,T4
FUR-01765,O.2.41,T5
FUR-01766,O.2.41,T5
FUR-01767,O.2.41,T5
FUR-01768,O.2.41,T5
FUR-01769,O.2.41,T5
FUR-01770,O.2.41,T5
FUR-01771,O.2.41,Z1
FUR-01772,O.2.41,Z1
FUR-01773,O.2.41,Z2
FUR-01774,O.2.41,Z2
FUR-01775,O.2.41,Z3
FUR-01776,O.2.41,Z3
FUR-01777,O.2.41,Z3
FUR-01778,O.2.41,Z3
FUR-01779,O.2.41,Z3
FUR-01780,O.2.42,K1
FUR-01781,O.2.42,K1
FUR-01782,O.2.42,K1
FUR-01783,O.2.42,K1
FUR-01784,O.2.42,K1
FUR-01785,O.2.42,SN80
FUR-01786,O.2.42,SN80
FUR-01787,O.2.42,SN80
FUR-01788,O.2.42,SN80
FUR-01789,O.2.42,SN80
FUR-01790,O.2.42,SV80
FUR-01791,O.2.42,SV80s
FUR-01792,O.2.42,SV81
FUR-01793,O.2.42,T5
FUR-01794,O.2.42,T5
FUR-01795,O.2.42,T5
FUR-01796,O.2.42,T5
FUR-01797,O.2.42,T5
FUR-01798,O.2.42,T6
FUR-01799,O.2.42,Z3
FUR-01800,O.2.43,K1
FUR-01801,O.2.43,K1
FUR-01802,O.2.43,K1
FUR-01803,O.2.43,K1
FUR-01804,O.2.43,SN80
FUR-01805,O.2.43,SN80
FUR-01806,O.2.43,SV80
FUR-01807,O.2.43,SV80s
FUR-01808,O.2.43,SV81
FUR-01809,O.2.43,T5
FUR-01810,O.2.43,T5
FUR-01811,O.2.43,T5
FUR-01812,O.2.43,T5
FUR-01813,O.2.43,T6
FUR-01814,O.2.43,Z1
FUR-01815,O.2.43,Z1
FUR-01816,O.2.43,Z2
FUR-01817,O.2.43,Z2
FUR-01818,O.2.43,Z3
FUR-01819,O.2.44,SN80
FUR-01820,O.2.44,SN80
FUR-01821,O.2.44,SN80
FUR-01822,O.2.44,SV80s
FUR-01823,O.2.44,SV81
FUR-01824,O.2.44,Z2
FUR-01825,O.2.44,Z2
FUR-01826,O.2.44,Z3
FUR-01827,O.2.45,K1
FUR-01828,O.2.45,K1
FUR-01829,O.2.45,K1
FUR-01830,O.2.45,K1
FUR-01831,O.2.45,K1
FUR-01832,O.2.45,K1
FUR-01833,O.2.45,K1
FUR-01834,O.2.45,K1
FUR-01835,O.2.45,SN80
FUR-01836,O.2.45,SN80
FUR-01837,O.2.45,SN80
FUR-01838,O.2.45,SN80
FUR-01839,O.2.45,SN80
FUR-01840,O.2.45,SV80
FUR-01841,O.2.45,SV80s
FUR-01842,O.2.45,SV80s
FUR-01843,O.2.45,SV81
FUR-01844,O.2.45,SV81
FUR-01845,O.2.45,SV81
FUR-01846,O.2.45,SV81
FUR-01847,O.2.45,T14
FUR-01848,O.2.45,T14
FUR-01849,O.2.45,T5
FUR-01850,O.2.45,T5
FUR-01851,O.2.45,T6
FUR-01852,O.2.45,Z1
FUR-01853,O.2.45,Z1
FUR-01854,O.2.45,Z3
FUR-01855,O.2.45,Z3
FUR-01856,O.2.45,Z3
FUR-01857,O.2.45,Z3
FUR-01858,O.2.45,Z3
FUR-01859,O.2.45,Z3
FUR-01860,O.2.45,Z3
FUR-01861,O.2.45,Z3
FUR-01862,O.2.46,SN80
FUR-01863,O.2.46,SN80
FUR-01864,O.2.46,SN80
FUR-01865,O.2.46,SN80
FUR-01866,O.2.46,SN80
FUR-01867,O.2.46,SN80
FUR-01868,O.2.46,SN80
FUR-01869,O.2.46,SN80
FUR-01870,O.2.46,SN80
FUR-01871,O.2.46,SN80
FUR-01872,O.2.46,SN80
FUR-01873,O.2.46,SV80
FUR-01874,O.2.46,SV80
FUR-01875,O.2.46,SV80
FUR-01876,O.2.46,SV80
FUR-01877,O.2.46,SV80
FUR-01878,O.2.46,SV80s
FUR-01879,O.2.46,SV80s
FUR-01880,O.2.46,SV80s
FUR-01881,O.2.46,SV81
FUR-01882,O.2.46,SV81
FUR-01883,O.2.46,T14
FUR-01884,O.2.46,T14
FUR-01885,O.2.46,T5
FUR-01886,O.2.46,T5
FUR-01887,O.2.46,T6
FUR-01888,O.2.46,Z1
FUR-01889,O.2.46,Z2
FUR-01890,O.2.46,Z2
FUR-01891,O.2.46,Z2
FUR-01892,O.2.46,Z2
FUR-01893,O.2.46,Z2
FUR-01894,O.2.46,Z3
FUR-01895,O.2.46,Z3
FUR-01896,O.2.46,Z3
FUR-01897,O.2.46,Z4
FUR-01898,O.2.47,K1
FUR-01899,O.2.47,SN80
FUR-01900,O.2.47,SN80
FUR-01901,O.2.47,SN80
FUR-01902,O.2.47,SV80s
FUR-01903,O.2.47,SV81
FUR-01904,O.2.47,T5
FUR-01905,O.2.47,T5
FUR-01906,O.2.47,Z1
FUR-01907,O.2.48,SN80
FUR-01908,O.2.48,SN80
FUR-01909,O.2.48,SN80
FUR-01910,O.2.48,SV80s
FUR-01911,O.2.48,SV81
FUR-01912,O.2.48,Z2
FUR-01913,O.2.48,Z2
FUR-01914,O.2.48,Z3
FUR-01915,O.2.49,SN80
FUR-01916,O.2.49,SN80
FUR-01917,O.2.49,SV80s
FUR-01918,O.2.49,SV81
FUR-01919,O.2.49,Z2
FUR-01920,O.2.49,Z4
FUR-01921,O.2.49,Z4
FUR-01922,O.2.50,K1
FUR-01923,O.2.50,K1
FUR-01924,O.2.50,SN80
FUR-01925,O.2.50,SN80
FUR-01926,O.2.50,SV80s
FUR-01927,O.2.50,SV81
FUR-01928,O.2.50,T1
FUR-01929,O.2.50,T1
FUR-01930,O.2.50,T6
FUR-01931,O.2.50,T6
FUR-01932,O.2.50,Z1
FUR-01933,O.2.50,Z1
FUR-01934,O.2.50,Z2
FUR-01935,O.2.50,Z2
FUR-01936,O.2.50,Z2
FUR-01937,O.2.50,Z2
FUR-01938,O.2.50,Z2
FUR-01939,O.2.50,Z2
FUR-01940,O.2.51,SN80
FUR-01941,O.2.51,SV80
FUR-01942,O.2.51,SV80s
FUR-01943,O.2.51,T5
FUR-01944,O.2.51,T5
FUR-01945,O.2.51,T5
FUR-01946,O.2.51,T5
FUR-01947,O.2.51,T5
FUR-01948,O.2.52,K1
FUR-01949,O.2.52,SN80
FUR-01950,O.2.52,SN80
FUR-01951,O.2.52,SN80
FUR-01952,O.2.52,SV80s
FUR-01953,O.2.52,SV81
FUR-01954,O.2.52,T5
FUR-01955,O.2.52,Z1
FUR-01956,O.2.52,Z3
FUR-01957,O.2.53,SN80
FUR-01958,O.2.53,SN80
FUR-01959,O.2.53,SN80
FUR-01960,O.2.53,SV80s
FUR-01961,O.2.53,SV81
FUR-01962,O.2.53,Z1
FUR-01963,O.2.53,Z2
FUR-01964,O.2.53,Z3
FUR-01965,O.2.54,SN80
FUR-01966,O.2.54,SN80
FUR-01967,O.2.54,SN80
FUR-01968,O.2.54,SV80s
FUR-01969,O.2.54,SV81
FUR-01970,O.2.54,Z2
FUR-01971,O.2.54,Z2
FUR-01972,O.2.54,Z3
FUR-01973,O.2.55,K1
FUR-01974,O.2.55,K1
FUR-01975,O.2.55,K1
FUR-01976,O.2.55,K1
FUR-01977,O.2.55,K1
FUR-01978,O.2.55,K1
FUR-01979,O.2.55,K1
FUR-01980,O.2.55,K1
FUR-01981,O.2.55,K1
FUR-01982,O.2.55,SN80
FUR-01983,O.2.55,SN80
FUR-01984,O.2.55,SN80
FUR-01985,O.2.55,SN80
FUR-01986,O.2.55,SN80
FUR-01987,O.2.55,SN80
FUR-01988,O.2.55,SN80
FUR-01989,O.2.55,SN80
FUR-01990,O.2.55,SV80
FUR-01991,O.2.55,SV80
FUR-01992,O.2.55,SV80
FUR-01993,O.2.55,SV80s
FUR-01994,O.2.55,SV81
FUR-01995,O.2.55,SV81
FUR-01996,O.2.55,SV81
FUR-01997,O.2.55,SV81
FUR-01998,O.2.55,T14
FUR-01999,O.2.55,T14
FUR-02000,O.2.55,T5
FUR-02001,O.2.55,T5
FUR-02002,O.2.55,T5
FUR-02003,O.2.55,Z1
FUR-02004,O.2.55,Z1
FUR-02005,O.2.55,Z1
FUR-02006,O.2.55,Z1
FUR-02007,O.2.55,Z1
FUR-02008,O.2.55,Z2
FUR-02009,O.2.55,Z2
FUR-02010,O.2.55,Z4
FUR-02011,O.2.55,Z4
